,ANICE-ITM_Berends,CESM_kampenhout,dEBM_krebs,HIRHAM_mottram,NHM-SMAP_niwano,RACMO_noel,SNOWMODEL_liston
1980-01-31,443302020103.3575,747309425143.1089,339751544013.8078,385168495364.07587,264524217521.6817,421622070537.4549,1.7266215641422e+45
1980-02-29,962640979605.3092,310793698321.5194,806227982537.0793,882184241731.4142,1073031495125.6173,837532531964.1648,1.7266215641422e+45
1980-03-31,543149780319.3678,627528789237.8497,405423607930.1902,389954544675.20953,219456611086.36844,409561370872.609,1.7266215641422e+45
1980-04-30,360457598304.50696,80684565928.42714,230867318083.84668,204060338404.20914,129364442281.93942,382358552302.56793,1.7266215641422e+45
1980-05-31,59915271602.98617,36878492858.45631,264794815112.07184,201627733385.70016,-61224044560.78139,228331648857.4531,1.7266215641422e+45
1980-06-30,-976172025019.973,-75490715165.90007,-351887264494.0991,-677542554865.1576,-884705919284.6063,-535148534221.40906,1.7266215641422e+45
1980-07-31,-1292685693376.3704,-504623495050.6719,-512193731608.60065,-1117876380071.734,-1041270278725.1863,-1864741228827.4802,1.7266215641422e+45
1980-08-31,-817468317481.6821,-365568837335.3795,-216397909071.07913,-716585709706.5022,-479500043329.6077,-637420859044.2537,1.7266215641422e+45
1980-09-30,80785034036.38284,491665137007.51764,180652421082.38162,58778370918.40114,-146063574331.7638,37429941645.93622,1.7266215641422e+45
1980-10-31,349346627691.1124,269721648507.56226,220233481071.26605,184386274706.9586,58890274604.2591,248975393990.25366,1.7266215641422e+45
1980-11-30,640201628496.1311,280188952626.37396,507007250735.6911,657974336792.8617,533247860500.698,527243518759.3773,1.7266215641422e+45
1980-12-31,260092266846.8395,397898287227.48145,115998992679.6768,92302188537.6858,13848955463.342226,95884745443.87715,1.7266215641422e+45
1981-01-31,253617184371.66153,145213154307.544,130161228475.44179,151110219878.12088,77823181177.34375,164290817787.51974,1.7266215641422e+45
1981-02-28,463650584918.2784,292467664080.13306,326063285142.89453,218522462071.61307,175040934272.93707,331034376167.73535,1.7266215641422e+45
1981-03-31,271011147822.3127,569936301060.8346,165543273008.67807,71506846945.53694,17629495177.124393,143043111070.0403,1.7266215641422e+45
1981-04-30,584278098283.839,299459036063.4871,468341918595.1641,514217089544.80646,506484801313.07965,521519808160.093,1.7266215641422e+45
1981-05-31,311899633809.09644,151732672904.49402,334584713794.38055,328138585054.7404,-72273751609.77022,360725318592.48315,1.7266215641422e+45
1981-06-30,-594301398783.6283,-75099911341.64967,-111961522447.60799,-553531868266.6072,-523061115618.133,-243400518867.82343,1.7266215641422e+45
1981-07-31,-1100942502783.207,-528069387269.38837,-367222662481.90533,-1182298866187.3567,-750660717802.6718,-1492957020833.7297,1.7266215641422e+45
1981-08-31,-630056518896.3729,-497975899448.50256,229665337300.35162,-598111898492.7998,-248289850321.99164,-752583632361.1736,1.7266215641422e+45
1981-09-30,71478079905.3413,517603928107.73676,147315996324.86737,-71672917700.17546,-300994249098.96985,-59259869695.76533,1.7266215641422e+45
1981-10-31,202903138775.39822,142841799776.58902,88398017794.98364,18021091407.858944,-83951820419.19339,110079973915.63496,1.7266215641422e+45
1981-11-30,421685864136.37146,468238891708.50305,275110723832.67377,339552061714.78253,383137332802.44855,250536164840.93015,1.7266215641422e+45
1981-12-31,216916258942.35226,57750225628.4866,96289007255.18277,59682155082.91357,-47655812623.67088,70146607557.1829,1.7266215641422e+45
1982-01-31,224106649176.6156,61911249068.34822,137440823778.80222,124932141046.76167,34839226312.19669,135564787620.4068,1.7266215641422e+45
1982-02-28,762209231248.5789,459445477571.5471,641098888508.7528,539845855185.3388,568573838741.3279,622193939224.3698,1.7266215641422e+45
1982-03-31,379292876402.71783,196410583352.34793,286514735863.8319,206421346756.8559,174518442128.74872,264375538677.58853,1.7266215641422e+45
1982-04-30,408836147653.37463,279402526220.19855,306275553072.9528,401135363464.5098,292941118488.8783,345950118495.92236,1.7266215641422e+45
1982-05-31,129140193053.69025,19622510666.99053,49436499781.7826,31580502175.248478,-61465027406.1409,57040988115.36864,1.7266215641422e+45
1982-06-30,-739809539072.8734,-324618974888.65857,-239942819429.5494,-660302385397.9185,-775268488050.4104,-373337379067.6613,1.7266215641422e+45
1982-07-31,-914871533526.396,-1119898411891.5618,-251518512061.89163,-1010872167331.5842,-594329386630.3779,-1127720762352.9324,1.7266215641422e+45
1982-08-31,-795647555391.5452,-423419581332.9386,-39446106933.7557,-588160614099.866,-564941543823.0535,-624884465215.9573,1.7266215641422e+45
1982-09-30,147986325105.23068,369784105510.74915,91578471988.7869,-28819742363.714314,-149611159127.23773,77715034615.44283,1.7266215641422e+45
1982-10-31,262508768940.33414,187045575929.9854,224957318452.78247,14532226146.651585,-272233930275.3604,201697364159.6167,1.7266215641422e+45
1982-11-30,350899456754.6386,119086724539.22913,242588356574.39304,113103501231.79707,82525357716.93587,235134778769.25403,1.7266215641422e+45
1982-12-31,312095148792.623,534092801861.34845,206209627116.03455,250915815524.57172,174364096564.67102,263018423948.4999,1.7266215641422e+45
1983-01-31,443053336839.00055,168970513134.22598,350081613316.40393,309062318105.3555,299213255460.49774,395806776147.6223,1.7266215641422e+45
1983-02-28,994189874370.849,465729416760.0704,792346522667.4894,1048370889653.7789,1218533661689.4263,912754567477.4768,1.7266215641422e+45
1983-03-31,423089256827.4107,327917026456.332,333845425926.6222,423803222596.35205,461893309811.038,391103365612.852,1.7266215641422e+45
1983-04-30,459104265311.2182,478801513970.0167,377614297238.0806,372909008187.7729,375472941757.67957,346168736902.28296,1.7266215641422e+45
1983-05-31,85778054822.91739,109954168374.1766,24960695438.48885,2615620013.631101,-143147207555.04547,70087455934.03413,1.7266215641422e+45
1983-06-30,-465152234623.22217,-220488210766.36096,-63366110826.47586,-377165402147.6511,-414033803415.0894,-81880150457.01389,1.7266215641422e+45
1983-07-31,-668464177137.5413,-774723639055.0205,116359225500.82605,-804531320154.7808,-323763380622.03046,-508537055721.73834,1.7266215641422e+45
1983-08-31,-163572210196.25427,-526290697078.26697,288860842322.5179,-332458111612.2605,65845984752.25763,-114440522135.62492,1.7266215641422e+45
1983-09-30,107502259880.6126,259598332522.716,172944397175.33768,67258914101.626976,-115513788015.98274,128565801442.59552,1.7266215641422e+45
1983-10-31,210961893718.2345,380880330199.96594,116295289263.49742,89715909513.98294,-5618128212.5538645,154571017220.31558,1.7266215641422e+45
1983-11-30,395973551174.90576,286520486440.653,295304209939.1524,392625035692.72205,253233965000.2073,345096972256.2928,1.7266215641422e+45
1983-12-31,253450893117.9607,224589844685.23914,156548575699.00986,88564129391.17465,38188013084.78679,133877785225.83435,1.7266215641422e+45
1984-01-31,459222863340.8565,441689874281.40845,383961905842.1074,312555376481.05115,281452728943.0721,361911436913.42175,1.7266215641422e+45
1984-02-29,746301604636.3824,453998910879.6313,552456570411.1215,559683729694.5049,639541944066.3062,657766744587.5339,1.7266215641422e+45
1984-03-31,599013550004.6067,750964295255.665,485440439898.49384,695530381979.8057,645005521315.713,635854463347.0892,1.7266215641422e+45
1984-04-30,696601693636.8851,460850981923.13947,560535970102.2272,576118896121.6257,526872449911.8025,574987341402.9803,1.7266215641422e+45
1984-05-31,422837086020.8942,289269996246.8396,375396092019.8936,355940922244.74664,180375233119.48984,432363920110.27466,1.7266215641422e+45
1984-06-30,-742509872397.1554,142390311758.53006,-96120550887.9532,-489593138408.4014,-650067075896.9668,-148011866571.60452,1.7266215641422e+45
1984-07-31,-1292190361343.94,-275425857077.35175,-293464779551.86273,-1211190359020.4604,-942665669910.2417,-1350329654542.6038,1.7266215641422e+45
1984-08-31,-681021831870.4381,-539838946346.27386,239630418120.84717,-553589732443.3712,-497580116114.1003,-453484540126.56305,1.7266215641422e+45
1984-09-30,376617872009.71454,134017482007.68791,489240560929.4242,137270125306.79152,4227117296.499627,408491112047.20905,1.7266215641422e+45
1984-10-31,423525196539.3971,556802296518.9916,320408148666.03516,159256732491.63034,130558048067.98523,286605335301.0834,1.7266215641422e+45
1984-11-30,295992478302.25635,134384741719.81357,166215879915.46857,47801040507.276634,2883037561.8803816,163080389719.20505,1.7266215641422e+45
1984-12-31,1220934948383.9597,278470990252.53235,1075880881319.2059,957822015055.7598,1202814499799.8398,1022797305236.8135,1.7266215641422e+45
1985-01-31,906130670560.6412,345579372003.9282,753766368456.3667,838818362394.3994,1014705686962.0571,707552840491.0433,1.7266215641422e+45
1985-02-28,1191914785801.828,590045951018.2211,969717391720.6501,1059735892188.0819,1142036029472.3809,1052454595703.7454,1.7266215641422e+45
1985-03-31,446741456671.0226,548390622673.277,340530829740.6034,402031923432.03,334985138070.00366,378964064118.4302,1.7266215641422e+45
1985-04-30,308047672864.2231,152265476817.17715,179917003467.49796,117999016155.2697,69899667552.97173,173310787616.79968,1.7266215641422e+45
1985-05-31,-147062114316.30576,554451005929.0487,77169270476.53232,26860222067.720497,-147873983115.99957,108583874559.96654,1.7266215641422e+45
1985-06-30,-706369832525.3262,-253119419919.59592,-185903114281.85803,-418498086908.0983,-415462217640.85065,-194183139414.7808,1.7266215641422e+45
1985-07-31,-976401910013.2291,-702679360815.8257,-260168626676.01904,-1011325163502.7728,-786898908688.1293,-1240109354781.0667,1.7266215641422e+45
1985-08-31,-930461757368.5514,-489141823940.9904,-153571156798.3462,-745348602890.0502,-579086422780.6227,-661417997288.3893,1.7266215641422e+45
1985-09-30,24237021574.173996,161494270048.64767,31306048294.21436,41392395483.40231,-150838622806.82047,16935341715.701645,1.7266215641422e+45
1985-10-31,701366713921.1667,472667157251.3599,591553923659.1199,444567046038.60974,604195358804.6381,591181397204.199,1.7266215641422e+45
1985-11-30,869407212603.1108,321668661590.0015,737725568619.0558,730078092612.7936,743524264368.9342,754987459103.1489,1.7266215641422e+45
1985-12-31,160331694050.84503,270478789869.88394,33552489271.973255,48394751118.85771,-19944547361.54062,47889314960.56886,1.7266215641422e+45
1986-01-31,363799419922.92096,477794397524.73114,261767744023.30887,224328209280.05582,119690886545.62244,261866226854.60248,1.7266215641422e+45
1986-02-28,635425077753.6172,203385529979.6184,451788476368.9372,523506296757.9486,580632554475.4244,509259975024.39746,1.7266215641422e+45
1986-03-31,598089613687.6741,557529233024.8809,492116815942.34064,575972366725.329,452752491902.649,563085957995.532,1.7266215641422e+45
1986-04-30,468728036217.6109,166152647230.11325,372145569942.5147,287423100625.02203,253620127975.10916,380113187996.27277,1.7266215641422e+45
1986-05-31,159458968076.70078,476243731289.12634,145160469708.4633,12658003244.60958,-57545606911.265854,121661594641.51765,1.7266215641422e+45
1986-06-30,-443002612874.9511,-134141112131.8185,-35881864576.993546,-332714850075.9559,-410464300575.9894,-19661752590.372437,1.7266215641422e+45
1986-07-31,-1040746128227.6008,-521852237879.0662,-349281072109.01965,-1009246325707.2477,-617245490477.9408,-838463288957.8741,1.7266215641422e+45
1986-08-31,-713429293997.1649,-240644533081.5251,132061573828.863,-640427410105.5785,-312105340724.0845,-679556415488.2203,1.7266215641422e+45
1986-09-30,-36080101881.03021,512381365478.5532,125628805638.56865,42585163341.0313,-40930183760.19943,10463209159.360884,1.7266215641422e+45
1986-10-31,352063086090.27905,541506960492.45624,304380314759.1186,53214849978.901276,40387655213.80087,221426648993.52634,1.7266215641422e+45
1986-11-30,283445775859.2738,147474226033.71368,183658471299.18372,46681035070.38679,-33390609309.18784,196409090340.8008,1.7266215641422e+45
1986-12-31,755792327215.9517,258345927650.41403,699507837649.6755,452572875852.45056,481040697783.05365,462289182270.86487,1.7266215641422e+45
1987-01-31,1396241431960.9834,188519770515.69708,1041142974607.3007,1106594681575.9033,1705862632259.212,975840362779.96,1.7266215641422e+45
1987-02-28,590033080162.583,119468707719.88658,446440045606.8853,371632789796.00867,513104573338.98663,478920225252.62036,1.7266215641422e+45
1987-03-31,610793582829.6996,127200635180.69409,493666137457.28687,489352437076.72406,427247130124.554,508472289050.932,1.7266215641422e+45
1987-04-30,850819736518.3126,375022828245.3429,754840660800.9392,564785917349.3899,698598115469.0421,778791134178.5067,1.7266215641422e+45
1987-05-31,63951950313.01913,49371714889.49632,91051685110.98427,24081528093.84208,-224031275788.03656,126792492974.13017,1.7266215641422e+45
1987-06-30,-928621494170.292,-334136486559.76025,-289403828782.13403,-701868732032.4496,-791601829128.3959,-408661600091.676,1.7266215641422e+45
1987-07-31,-945176507703.4701,-582034781383.4453,-241900303129.7965,-1118158615169.0693,-759544113537.8168,-1427371241252.9004,1.7266215641422e+45
1987-08-31,-757149641026.5116,-244119821785.81995,-193883987845.1648,-786028054871.6324,-444046706233.95276,-925024867830.6569,1.7266215641422e+45
1987-09-30,251425070847.17853,265126879288.39505,362268147782.10504,155872592311.9917,146241076264.38715,239685019338.57776,1.7266215641422e+45
1987-10-31,352417766462.8428,472382035948.7638,264887070437.45996,111962877718.1075,188249331069.0529,220257391427.69763,1.7266215641422e+45
1987-11-30,444987224926.6772,188537348036.05252,341354003756.5124,372508222049.7068,260515851312.47208,454554529301.4782,1.7266215641422e+45
1987-12-31,454770297313.35205,576940399230.463,357096575483.15533,430098224336.10297,357375558118.40015,389880189712.9539,1.7266215641422e+45
1988-01-31,428456569205.257,314563635491.0348,297100542540.97345,368714048624.13025,325682064133.391,333489502917.59076,1.7266215641422e+45
1988-02-29,452729117388.09015,42010014499.49413,301206805985.07,278477359504.0525,465846012142.8511,300361361644.94305,1.7266215641422e+45
1988-03-31,289449953396.4825,340284057828.2512,162632797055.2815,187066270602.68924,96244847873.08078,224664145553.2027,1.7266215641422e+45
1988-04-30,263316572281.17737,576782515964.839,119971801294.36586,186104917615.1672,63677360265.862175,147222873536.48074,1.7266215641422e+45
1988-05-31,295387335938.0397,137667589101.74966,373308033346.3054,263627407785.97476,212211637020.19662,364495016553.7805,1.7266215641422e+45
1988-06-30,-411686446883.79126,121809954167.72377,82719354737.74982,-258613619380.77963,-185356518449.49222,-92997467635.96666,1.7266215641422e+45
1988-07-31,-1450195865493.9263,-750195016064.1716,-803818831209.2235,-1109595594799.5857,-1152711933878.2498,-1227499516948.2605,1.7266215641422e+45
1988-08-31,-603227620015.9373,-538969480860.1493,129686690709.54852,-852295340388.4832,-709900554484.1504,-827705575885.6785,1.7266215641422e+45
1988-09-30,131000037195.13351,159273674149.51025,162339636406.90594,59863634597.96969,-85287443733.00684,113664286986.23662,1.7266215641422e+45
1988-10-31,367015773110.06665,304347997783.02527,260036856284.3778,218458891742.72263,42679436019.94703,241976131449.2227,1.7266215641422e+45
1988-11-30,319987901873.9647,636810443822.8826,187304549821.9842,187181555973.86862,64507667802.28433,197524065301.2477,1.7266215641422e+45
1988-12-31,574831649401.8644,195150557202.0471,453254342654.19836,574321597415.3854,526746290975.99884,564631653178.3204,1.7266215641422e+45
1989-01-31,403600204599.79755,693527982251.0839,298640670944.04803,190822612085.28107,225359936862.26254,322994630536.1931,1.7266215641422e+45
1989-02-28,329744640414.5943,315018109699.549,189381911471.51706,70691679837.77652,53719498616.761024,165322178678.3701,1.7266215641422e+45
1989-03-31,471753013625.8498,790247338256.2523,361189466668.3957,296608814582.0136,220372255719.46927,424015086861.17645,1.7266215641422e+45
1989-04-30,303616818942.8609,199887866493.2635,173983862578.83472,219034952681.4228,144379123493.46082,247689414715.83023,1.7266215641422e+45
1989-05-31,266606024825.99188,53231646614.06232,170337611896.58038,7781934639.795094,-11624045849.291517,178783443609.65762,1.7266215641422e+45
1989-06-30,-767923404415.9713,-228993534944.36902,-209422647788.70673,-593744189344.3612,-571415805213.8221,-233473172585.6983,1.7266215641422e+45
1989-07-31,-1136078811137.5388,-699970812342.4862,-253733067584.9084,-1114595654967.2727,-956164414098.0565,-1662923467846.1545,1.7266215641422e+45
1989-08-31,-514927093264.3267,-370547521107.90753,238838867953.7371,-915041109087.398,-442276557391.8984,-1053957402480.0131,1.7266215641422e+45
1989-09-30,361736620158.5693,254602146484.75055,366426043527.58203,255164678701.1763,158072667782.07306,283418055202.25323,1.7266215641422e+45
1989-10-31,580601405962.8436,431422282519.8189,480464549175.3953,335835163801.99646,319700086247.008,410768129201.89355,1.7266215641422e+45
1989-11-30,363325324510.64044,176187100792.15964,226450485784.65356,164276422335.8067,36645880842.62558,221667931378.46313,1.7266215641422e+45
1989-12-31,494821059664.1037,882648624325.355,383492245616.9018,454044993563.82855,425395851883.90765,394028691584.41656,1.7266215641422e+45
1990-01-31,375752303653.5434,98365213682.5498,269309023571.12268,157248847068.41443,21071024175.888294,273446088125.17233,1.7266215641422e+45
1990-02-28,198424041065.11896,435383067499.5477,64382067621.974846,-3772164853.5264645,7018996092.075872,29892849756.081264,1.7266215641422e+45
1990-03-31,285884238803.0352,672399494401.8037,156216587585.56458,130301796126.17833,162319824370.75073,189724272980.6341,1.7266215641422e+45
1990-04-30,253592469052.12088,66142192765.606064,128463685819.10757,156868051509.68903,147304776813.43738,196927225640.45212,1.7266215641422e+45
1990-05-31,52661322505.53481,-12110577104.388927,164910437442.27493,96195728735.96693,-110917897928.31723,152384364006.58832,1.7266215641422e+45
1990-06-30,-825453709827.29,-153156798179.42453,-196700227096.97302,-518332328547.32416,-599356336672.3857,-664721246302.9186,1.7266215641422e+45
1990-07-31,-1025194068162.5598,-807752271286.1251,-308330332632.81573,-1135299415884.055,-998245572572.4269,-1928945633146.5276,1.7266215641422e+45
1990-08-31,-913997371825.882,-824231143288.6671,-92074077097.28293,-809040314931.0795,-751323746805.6893,-960468529480.3452,1.7266215641422e+45
1990-09-30,456229641284.2095,589404704582.0685,434343882551.5754,328639618912.42926,205280122447.7713,274945866239.6106,1.7266215641422e+45
1990-10-31,544585097587.3158,302807587130.41034,430591657507.5224,377636978874.0155,358170761860.41986,388722055529.84656,1.7266215641422e+45
1990-11-30,421938016970.5798,333415800863.2371,322912566188.3222,396285505535.291,291489671977.31036,343106149954.77893,1.7266215641422e+45
1990-12-31,662275950454.7152,210720786753.40997,567495075313.432,490739682948.82733,591389979826.0275,540310254482.40564,1.7266215641422e+45
1991-01-31,1005016259502.6418,436703514081.17114,870118476982.4722,1067279602537.1744,1097800899303.2128,842811282240.6068,1.7266215641422e+45
1991-02-28,931225713817.5366,442233527922.2248,737148407417.5247,818620127688.4521,1009987829021.0018,777201749532.6118,1.7266215641422e+45
1991-03-31,356836498211.92224,838199346018.8455,242761365540.29758,229252741201.50424,175396201153.1541,257832598376.35678,1.7266215641422e+45
1991-04-30,263533131110.9988,424553166665.28156,147443324743.9168,38390940308.40165,26787633891.945557,140151830684.19742,1.7266215641422e+45
1991-05-31,293170526485.07574,190356472847.5708,325142357839.7517,300202883942.5989,206512752464.3924,334914105490.3007,1.7266215641422e+45
1991-06-30,-962501294753.6211,-354346007182.86523,-380904326805.9116,-589623249144.2937,-698571526021.0364,-345232870756.3389,1.7266215641422e+45
1991-07-31,-1484677766020.6523,-957678058203.4515,-805916533945.4854,-1247420725814.2856,-1090747532873.798,-1553607357952.0715,1.7266215641422e+45
1991-08-31,-343523415679.8532,-428508277851.49225,218006179209.87564,-589682495617.6709,-366575973052.6232,-619843351439.4088,1.7266215641422e+45
1991-09-30,57174378602.89663,82614941547.36281,132103569126.86694,-73105133843.52228,-183110022115.25687,31615505730.775745,1.7266215641422e+45
1991-10-31,342441028811.9676,348469424984.70056,244010731402.54062,294422777909.42706,96121303367.91977,317938156099.5373,1.7266215641422e+45
1991-11-30,275635516987.8654,91867698000.9721,154070717180.8473,29759765267.63374,18449924862.378597,207743645845.9619,1.7266215641422e+45
1991-12-31,791532934084.5153,636313632047.9202,668430597085.1504,855333435885.5457,941494431940.0504,785874998303.5039,1.7266215641422e+45
1992-01-31,889325775077.9661,166222541548.98093,779959772154.5071,1133875807478.952,1325130975135.0452,978367515308.2395,1.7266215641422e+45
1992-02-29,669577175287.5621,360899085893.8908,521390314064.5343,409658023694.92725,439402096273.29987,513196354940.81165,1.7266215641422e+45
1992-03-31,398917828438.29083,656397981154.2831,289464119555.03687,206582212627.64554,199398975532.1789,270189890535.06143,1.7266215641422e+45
1992-04-30,278343940411.35034,119828064195.45619,167173936354.78345,127837211468.36377,39993390298.90125,196589079571.72025,1.7266215641422e+45
1992-05-31,403099658041.51294,295695364950.01135,355248958464.2217,401159718649.5072,276598265042.59186,421720116616.4473,1.7266215641422e+45
1992-06-30,-72145268049.9981,-36048688627.520065,377291061503.8376,212741378196.10394,-16114997629.410955,312527655795.9393,1.7266215641422e+45
1992-07-31,-1153711384403.319,-283026127436.2598,-369966833893.521,-909319086745.2399,-632826219192.2357,-572334336152.2122,1.7266215641422e+45
1992-08-31,-509802849438.1432,-244205168521.39755,33938565521.854904,-637375456476.4119,-419736192047.6264,-382105461575.0323,1.7266215641422e+45
1992-09-30,131311630111.86012,320123596840.6526,291012878627.44226,144667640848.49924,-67951763191.88067,180109951862.94138,1.7266215641422e+45
1992-10-31,209279859347.7753,276202454554.38885,165031400203.83624,182035672365.22153,-21594226572.20721,158149946412.00232,1.7266215641422e+45
1992-11-30,463583753379.79285,463729221118.02606,375566001513.5562,206707226741.721,60100753625.535324,319607114401.3433,1.7266215641422e+45
1992-12-31,698890343986.1039,327796342272.82336,620841297856.2395,665315453232.6805,804410037742.5503,719445398313.828,1.7266215641422e+45
1993-01-31,399184873547.0446,362118784267.43604,292008267483.55695,191109157438.3244,195166623763.70352,253050543880.55005,1.7266215641422e+45
1993-02-28,628741426855.9656,312801150387.6922,453384299648.16125,606668575006.014,570198340455.7466,565137240374.4392,1.7266215641422e+45
1993-03-31,725008364466.7205,234403263072.1424,620159266267.8407,600509670501.5369,738207021208.8823,747860435272.0974,1.7266215641422e+45
1993-04-30,399856012000.5659,190157922979.58685,286103534499.6708,200142715960.99374,139058850871.88034,253705890735.6721,1.7266215641422e+45
1993-05-31,219737990735.68823,-1860599394.577924,207497170594.2177,128619223244.4554,-4397390123.139033,229776723988.24933,1.7266215641422e+45
1993-06-30,-593120725915.9061,-163449800150.6392,-118531480711.14009,-475618941436.13806,-370626886188.1861,-99998196093.30373,1.7266215641422e+45
1993-07-31,-1277431679231.6672,-656853768246.5916,-465158698123.4592,-1092455208052.9143,-825137834656.9924,-1101370839178.0273,1.7266215641422e+45
1993-08-31,-707863280629.6971,-233715904220.53006,-86966957859.77872,-726557437455.9889,-573705161104.4967,-645207179484.2382,1.7266215641422e+45
1993-09-30,15987344290.905151,501903328843.8829,214461695968.34888,97313679376.08571,-248775446593.8318,54353583842.94306,1.7266215641422e+45
1993-10-31,684192174592.008,573464782857.5376,606025727089.1249,667205056960.7994,669415956150.0914,627308076832.6152,1.7266215641422e+45
1993-11-30,1388478591282.6309,440274286146.1572,1378667196003.2803,1618193548586.8423,1664960817688.2788,1676458467902.7786,1.7266215641422e+45
1993-12-31,251757524901.6886,693068646730.257,139914060140.32004,106749332861.24695,-7034809002.360155,147890277871.80267,1.7266215641422e+45
1994-01-31,295601337877.4211,299751834077.60516,184337954614.69244,96022395487.85887,76781575410.62663,163479808753.21945,1.7266215641422e+45
1994-02-28,895477439383.2595,325075745436.73517,754147169632.7145,613916188606.3883,631171092450.547,651928915983.1522,1.7266215641422e+45
1994-03-31,295339014788.11115,476519372615.80646,187517855380.6497,68609882384.68499,-6808223073.04459,212393871434.6335,1.7266215641422e+45
1994-04-30,310350681858.9186,162301243413.6387,201556517095.2003,101764975599.93488,78268270938.77905,214428796368.5104,1.7266215641422e+45
1994-05-31,93422755838.36934,168828255087.96118,145375967255.13412,38069707849.47311,-152549077929.39838,153853661511.89368,1.7266215641422e+45
1994-06-30,-324985021827.87225,7976931826.341746,-19204916751.553986,-361149238699.7254,-237620953607.93457,-96468196769.84958,1.7266215641422e+45
1994-07-31,-1343133401461.7178,-215925891083.59506,-610373806611.9421,-1087215603989.6008,-1050691340336.2218,-869545624102.5929,1.7266215641422e+45
1994-08-31,-842381851672.1091,-375415102453.7025,-24749896586.63729,-790915282925.566,-581796226532.0023,-823517945009.4806,1.7266215641422e+45
1994-09-30,188856880136.91852,118789682078.77026,252298716676.01782,64561150695.79634,-94534056476.15463,101282468026.1285,1.7266215641422e+45
1994-10-31,201623405995.68457,88718302076.9937,81057718897.57564,65976378096.490005,2142099883.6117756,117534223943.86894,1.7266215641422e+45
1994-11-30,346251231552.38135,248213626941.95627,224807330317.373,158848458192.81625,81761259232.14828,229927110060.32364,1.7266215641422e+45
1994-12-31,534499989795.46545,310968273712.1194,428260244056.24945,365311649952.00006,342935601561.63446,404439013855.97156,1.7266215641422e+45
1995-01-31,292202895123.50146,360472788617.5523,181602843748.17325,176819139531.5974,19432602390.6283,199447768562.2331,1.7266215641422e+45
1995-02-28,194719724848.53568,206675403596.13318,68534126783.69083,8655538762.862295,-21738553920.65021,65028262963.48709,1.7266215641422e+45
1995-03-31,370270424396.33954,528432046932.1359,258126705372.38177,261646755888.82712,155078227824.31116,249581061254.49664,1.7266215641422e+45
1995-04-30,203287014800.22192,351927761037.76514,67748532703.20993,89019641222.10698,-4063527239.34646,81605295826.20407,1.7266215641422e+45
1995-05-31,133665323950.58073,-35417343591.6896,43238994105.09157,-73280979819.36246,-307655235754.98834,-2190476643.4280767,1.7266215641422e+45
1995-06-30,-892222384158.3953,-17868875976.77607,-314469620228.80804,-596398765213.3884,-688968633186.3933,-463668466378.4085,1.7266215641422e+45
1995-07-31,-1233224333068.0332,-770969968327.9148,-458176038229.19727,-986603324938.2198,-791249530505.1361,-1452478025645.0938,1.7266215641422e+45
1995-08-31,-748243309956.6135,-485161470975.93207,171521262541.72855,-636600983593.758,-575996290830.4668,-826963949307.7709,1.7266215641422e+45
1995-09-30,341768944124.4659,86408636051.94641,433270045156.97406,219212300209.7427,108953689590.8093,185071033878.96906,1.7266215641422e+45
1995-10-31,162515109489.2854,42047497631.008896,35071917880.86879,-13617090904.282318,-123036526791.5473,33400515865.637955,1.7266215641422e+45
1995-11-30,352811692350.401,699827061763.1451,228830400062.8848,246152220561.81964,75391854429.12282,242452564128.62988,1.7266215641422e+45
1995-12-31,783766754280.6599,330670769546.62744,689476236543.8842,837674264550.717,907215919159.107,846805644663.111,1.7266215641422e+45
1996-01-31,719854702667.3711,336182228591.0978,651317604962.3588,809417682645.1212,842195547413.997,739635086367.2482,1.7266215641422e+45
1996-02-29,607313356920.657,455045898747.4131,492233317484.29395,432159209437.83527,374478121352.65564,432516865540.73236,1.7266215641422e+45
1996-03-31,716172263495.3015,1173714391759.5698,647399171925.2297,857236682022.7198,709188029490.7574,697348787435.1313,1.7266215641422e+45
1996-04-30,385118669843.4706,335623908294.7502,299993895753.0967,238326256458.88922,149781190935.1016,426374691495.0229,1.7266215641422e+45
1996-05-31,101938733900.03584,77517482776.20251,103942253690.44766,46574691685.34688,-126070201771.33025,80084234538.91232,1.7266215641422e+45
1996-06-30,-782647605856.6594,-168789119048.52612,-247309974558.37228,-488116398963.9006,-634379755512.9402,-255619933739.08923,1.7266215641422e+45
1996-07-31,-874080715916.3811,-601818929082.6864,-15078253579.289005,-944383028966.424,-637977797994.6024,-994667171590.8098,1.7266215641422e+45
1996-08-31,-553146775871.3446,-516204758117.59827,240388062377.75928,-418831585561.3783,-84090159949.05269,-478920266081.5967,1.7266215641422e+45
1996-09-30,338744129661.0432,301679021452.79443,644840422235.539,380961507675.30206,202051436814.07245,688880880703.1964,1.7266215641422e+45
1996-10-31,382830198268.7219,407450144936.6572,328681637272.7958,105984731271.33159,-165014802331.38226,289782911039.6697,1.7266215641422e+45
1996-11-30,237163831816.96054,79872594459.32921,122714154750.39726,131071538618.243,89759115731.06548,137025990389.76079,1.7266215641422e+45
1996-12-31,494701740709.5924,142108409933.91077,406257576827.87823,439923841796.94794,540983744799.3478,397472177194.9192,1.7266215641422e+45
1997-01-31,648501582806.0104,579589441640.1041,525430746861.74567,805417019666.3351,736003045657.7626,710307251450.0547,1.7266215641422e+45
1997-02-28,452075021704.1399,240758013687.47052,324597949617.6038,112799326452.206,94343175832.33185,234046624050.5308,1.7266215641422e+45
1997-03-31,352000980861.6155,303061932962.3283,231684292655.26166,143197129750.04535,107494927226.5273,198793313844.21692,1.7266215641422e+45
1997-04-30,351049557666.8504,207146968330.13953,215372623485.11618,160685841858.5678,106603185562.4227,257470129580.05862,1.7266215641422e+45
1997-05-31,187066359849.9655,43209267650.251945,169075539360.79913,127568472034.66597,-2098279524.2757094,144576593643.20465,1.7266215641422e+45
1997-06-30,-823874653510.0321,-230190917982.45923,-230960363122.49857,-553867813852.8984,-613078772855.5154,-197592385409.036,1.7266215641422e+45
1997-07-31,-856601626644.4425,-901015934337.915,175562397428.91812,-701052433061.1777,-585153377682.286,-978998218218.8265,1.7266215641422e+45
1997-08-31,-915802932778.6454,-885515393429.9105,-80238453285.78395,-790023532731.3624,-867238970958.4917,-967506649905.7008,1.7266215641422e+45
1997-09-30,234402136996.92865,343507415057.90393,375975483526.578,296232632794.9476,269134382220.83554,332912695272.4832,1.7266215641422e+45
1997-10-31,270601373244.497,442465064662.6933,153320057340.3151,162713119134.2803,-23295481543.79871,198696469757.36948,1.7266215641422e+45
1997-11-30,316783251190.53827,277194445729.6126,195113815086.50497,116065720462.32175,25795492727.124638,141059684757.45404,1.7266215641422e+45
1997-12-31,846443297860.2354,470446227212.65735,738343995618.7787,674924075120.1925,758806143919.6174,699406999358.459,1.7266215641422e+45
1998-01-31,245514995625.68466,497653734296.77655,133600310133.95396,60578552273.67139,-16713834282.78681,88702638177.9423,1.7266215641422e+45
1998-02-28,421746727706.1294,427993523594.47974,280996793691.6875,262841085181.6007,199174984983.99994,344694292707.50507,1.7266215641422e+45
1998-03-31,447448831508.4629,369509352280.68134,342336797592.90344,448850100788.9623,506420457577.10315,428934181383.56464,1.7266215641422e+45
1998-04-30,148781275564.3803,286037563300.5976,29278083548.106106,13779132019.535614,-74549923862.91484,40055721527.22483,1.7266215641422e+45
1998-05-31,329288050508.5255,90893831046.05618,358884073178.96063,206703107505.16165,19899259523.067104,304113106438.0469,1.7266215641422e+45
1998-06-30,-664209853796.9187,78017047665.91531,-173168689089.7628,-753890555085.4669,-657416416850.5499,-596055810304.1757,1.7266215641422e+45
1998-07-31,-1247386277487.781,-764063284877.6305,-326589146358.08453,-1151587212886.7346,-1026262653161.654,-1756014109572.6145,1.7266215641422e+45
1998-08-31,-930827104095.2211,-506614274704.4503,26276824748.862995,-749845111505.4309,-612481093326.2743,-1078505681015.7249,1.7266215641422e+45
1998-09-30,74027267403.784,238684487831.20074,133142495801.47458,-133405784289.37393,-102026169633.10954,53069725015.20792,1.7266215641422e+45
1998-10-31,292351787896.57074,275710586617.2902,177979132791.18744,106823434899.32425,59021540125.740234,127481144861.79707,1.7266215641422e+45
1998-11-30,437355572176.89026,172754540292.37006,342242725082.7574,91924830124.83916,9074649827.921995,323762578887.2313,1.7266215641422e+45
1998-12-31,364391038114.1085,273766964347.9864,245731595462.0857,193000008157.0314,115029550202.45155,232696399331.67615,1.7266215641422e+45
1999-01-31,388275375113.6813,481065246167.71234,293396391399.3982,182368481621.9823,267934609842.1035,246811636158.29932,1.7266215641422e+45
1999-02-28,501282010480.78564,292356557995.46735,351554466019.2595,266937398008.9302,251173440332.22266,305603283416.2726,1.7266215641422e+45
1999-03-31,147586395381.22137,224143032415.685,32165480995.06812,5544579645.257337,-58213722455.27887,42171029463.569855,1.7266215641422e+45
1999-04-30,218009348313.65308,174664520563.43213,99752696725.48466,94051364138.88226,-6593105078.750204,96181934388.96597,1.7266215641422e+45
1999-05-31,527224445860.0462,308861873855.0989,574732366948.9965,453487732794.1956,308359616306.9951,589143791785.3446,1.7266215641422e+45
1999-06-30,-431490286470.4579,-199822419562.2122,61375773734.90575,-325286017693.07336,-275025563383.7558,-170951148518.84882,1.7266215641422e+45
1999-07-31,-1168563007953.7961,-907436291596.4757,-402069533966.1721,-1155537222347.3506,-1095723398841.1962,-1521694123771.2356,1.7266215641422e+45
1999-08-31,-482939379205.18494,-434329181843.4183,138025360057.99313,-597902166949.3802,-336289064001.76294,-792215352732.3995,1.7266215641422e+45
1999-09-30,75838185732.92168,135537486528.06606,209493026487.00104,-10889046422.544666,-254890196802.29443,24699879599.68152,1.7266215641422e+45
1999-10-31,328701298371.5955,530639157120.47235,248601016823.54147,231419433400.6742,85860473259.0735,320885240547.8112,1.7266215641422e+45
1999-11-30,449169327588.7218,175105831825.56934,312361357426.9776,494624853608.31915,398458322664.9723,363539320006.27515,1.7266215641422e+45
1999-12-31,283628186724.1606,436539735985.54816,197383136956.1311,136686256452.96786,26067181297.19911,193310664636.1148,1.7266215641422e+45
2000-01-31,384680468531.6226,451632015618.1294,276426650026.5643,248284100058.8761,205014654221.12842,218877608772.76532,1.7266215641422e+45
2000-02-29,350449014249.83923,441549360484.4164,230429198820.23685,68917314842.73453,48026831458.61635,163833581370.25882,1.7266215641422e+45
2000-03-31,544596532266.64764,226085105046.65775,411162295779.57434,391351929999.54297,366506224778.1061,464804586804.1636,1.7266215641422e+45
2000-04-30,269773965315.7482,109396683480.05266,157254489450.91882,131270551225.05373,72619958396.89429,145260588635.30966,1.7266215641422e+45
2000-05-31,238251444972.3838,270912755176.63425,337285205921.94824,296689481831.6951,251217977730.09262,302142594666.5745,1.7266215641422e+45
2000-06-30,-448974833770.3471,-139615802528.67468,-98003837699.55278,-536250227328.4461,-318235634747.7049,-209121551528.6387,1.7266215641422e+45
2000-07-31,-1177695802778.4287,-823395454644.4169,-423812062735.2109,-1194538421214.2996,-748435932372.7407,-1269866768238.868,1.7266215641422e+45
2000-08-31,-936169335516.5208,-179116542647.4336,7660101177.768605,-822104222858.2538,-739729620970.1045,-1066210397086.1782,1.7266215641422e+45
2000-09-30,156336456714.73108,450881651983.20624,393564645742.24304,304769466587.7443,-70256912713.34879,236344055891.14532,1.7266215641422e+45
2000-10-31,374935091102.2144,309019409503.39886,295673868074.59015,159407959109.9631,100556701322.70541,291105920721.818,1.7266215641422e+45
2000-11-30,204673240361.85834,588680301057.1677,101110863632.74066,19620161843.80821,-66439999086.07702,133588982792.71982,1.7266215641422e+45
2000-12-31,271620788442.12503,277193019433.3427,163020249846.9266,71713765233.13434,20420924675.05116,109539997233.65701,1.7266215641422e+45
2001-01-31,873367537143.7869,344888193837.84784,802480634889.2539,877846654481.4025,1145268931571.1255,780416783805.7285,1.7266215641422e+45
2001-02-28,864441475970.2213,631769228409.7981,711269765131.3447,660502651459.4338,747428920432.2548,708545387338.1013,1.7266215641422e+45
2001-03-31,154301073612.3031,258996603450.41498,46866810684.4129,63072121846.69895,-15260156429.219912,61400996520.82048,1.7266215641422e+45
2001-04-30,204186291822.49136,256832065170.60135,103735295079.37047,82716375526.2546,30940801920.379745,67316751459.45499,1.7266215641422e+45
2001-05-31,377253479903.4611,-17839826644.627106,318851704833.1156,355353298330.3161,267752338605.80872,353783691489.1706,1.7266215641422e+45
2001-06-30,-484163183008.8654,131684668255.86345,-143600257861.64523,-311297083289.2278,-600093120227.3324,-196442903793.36966,1.7266215641422e+45
2001-07-31,-869799312724.16,-890430433173.0773,-250969342813.0474,-801024733002.3666,-710043947467.1051,-813752879307.5426,1.7266215641422e+45
2001-08-31,-925970241675.4319,-470843496940.29956,-154254663587.0349,-803955812797.2533,-666094745721.4795,-1001145153865.7745,1.7266215641422e+45
2001-09-30,195830153036.3013,73677502703.56506,339165051479.53217,175171436546.40616,98222806816.41603,108768253920.72086,1.7266215641422e+45
2001-10-31,336509397612.9438,317710312233.4762,265351615547.06494,170167742191.5877,75278086579.65685,232323848755.1854,1.7266215641422e+45
2001-11-30,761643533079.1809,389448790099.69165,649879951651.0903,669860680531.734,881869853456.3706,685845429466.5747,1.7266215641422e+45
2001-12-31,713072103334.2311,469123977686.4937,617936585804.2896,744253467044.0836,860617160739.1102,704130324285.6157,1.7266215641422e+45
2002-01-31,652764058479.492,303925968781.52954,555066111037.6212,576828967455.4772,693505388574.0688,609860351071.3446,1.7266215641422e+45
2002-02-28,263578594789.32294,1165963702410.4583,130985226284.79604,111397407394.45236,33604486192.545746,85780358816.89423,1.7266215641422e+45
2002-03-31,205136574349.89844,472026534671.83856,85712324923.99709,87697339778.43901,30689740870.092136,109660445097.66391,1.7266215641422e+45
2002-04-30,536273779796.9517,107861176005.7831,402261604680.4905,517517585615.90717,299455513374.098,427309917887.79584,1.7266215641422e+45
2002-05-31,152626169012.95654,-26048992160.20572,219574751181.46207,69998804324.09695,-255924498622.72992,179048260509.55212,1.7266215641422e+45
2002-06-30,-1193082288843.1365,-163344478141.30887,-512039095386.9786,-836817109654.4263,-952667855518.7366,-882675164109.1171,1.7266215641422e+45
2002-07-31,-1551751534009.4407,-904160199560.8591,-931359010724.5171,-1480801117449.939,-1146561920917.4443,-2163947224921.296,1.7266215641422e+45
2002-08-31,-609927227861.589,-509564072974.08496,283594942520.69495,-508563782823.5085,-49048737104.69031,-603395529410.9462,1.7266215641422e+45
2002-09-30,-189498100274.52853,206578318855.0007,177503954107.7628,90351422483.42679,-330995581840.0905,-48728068375.821846,1.7266215641422e+45
2002-10-31,1004632365031.0828,602079143107.3402,995953761282.3594,512711001624.1349,518698222682.6961,658026396470.7516,1.7266215641422e+45
2002-11-30,665279773256.6066,675445746777.8633,565248279290.9319,444798526555.05554,213557390164.71674,524118815886.84796,1.7266215641422e+45
2002-12-31,941396932148.4617,530101990752.15717,810317401782.8774,992343605446.2056,1088771616011.3058,1017771777565.5494,1.7266215641422e+45
2003-01-31,317832262485.718,1196166573931.1765,199827685182.80212,213435164769.41437,198533579416.33658,202376993605.19684,1.7266215641422e+45
2003-02-28,818544812545.7869,396677161015.91675,659510271054.2389,695142767420.5801,622967601605.5267,677262102065.3358,1.7266215641422e+45
2003-03-31,848600358453.7738,170338557986.61575,695548931300.4562,659036936255.4954,792844359079.0743,690979266785.1489,1.7266215641422e+45
2003-04-30,767834432696.7585,426803100412.4987,625449812945.1404,1003983514089.2063,966404997680.845,902658813946.8353,1.7266215641422e+45
2003-05-31,-897216276.5911843,167523075718.18182,23138410527.234966,25802603772.08115,-133941083471.45111,40190366190.28861,1.7266215641422e+45
2003-06-30,-1118947256732.1858,-98019215776.53372,-429212712391.47864,-452656271255.4767,-745868625616.4222,-269258382496.78787,1.7266215641422e+45
2003-07-31,-1418617064500.4434,-637566200996.277,-778234250748.4547,-1185786726034.337,-1033664742947.8009,-1534246812994.4543,1.7266215641422e+45
2003-08-31,-1165370601448.0967,-156436085677.16855,-169820430998.71408,-682881463392.9458,-847425367695.4855,-1125363728682.4102,1.7266215641422e+45
2003-09-30,-12390018697.958963,184415215514.6706,155027818519.2488,-101578597141.26651,-361978444713.5799,-83155711728.34157,1.7266215641422e+45
2003-10-31,287231307132.01746,524321536092.3349,199505364791.81335,206289743772.09543,27291183978.97289,203900446860.29703,1.7266215641422e+45
2003-11-30,444828940767.61456,589428532732.475,359123165328.0411,206428671128.31302,162188345347.3531,348344992015.8286,1.7266215641422e+45
2003-12-31,230278428901.82455,496211564886.99445,103871540918.00928,126209579478.68022,48124274782.87048,179414999094.88663,1.7266215641422e+45
2004-01-31,334211109294.3902,774119518864.389,212337632929.04526,155228058288.47528,80000115444.58405,212878372385.07727,1.7266215641422e+45
2004-02-29,749825323431.2394,244770574334.47382,590687134388.2812,654871150443.2473,819852383264.9906,642083631680.5371,1.7266215641422e+45
2004-03-31,1064584806273.5515,547198040148.5609,962810972346.2886,1166883934623.0142,1412656461933.4941,1071073619795.0853,1.7266215641422e+45
2004-04-30,455781338829.3141,291097584852.39233,392152374432.52545,333352238178.9478,103636455345.87311,483001888673.8813,1.7266215641422e+45
2004-05-31,66350443804.641624,91159521131.23892,176109160176.63068,64775209233.163315,-126269426169.29347,150575514607.81876,1.7266215641422e+45
2004-06-30,-1183209665195.7485,-143773613579.7327,-490876346678.36444,-606012667515.9218,-707209874358.9458,-511125770680.0988,1.7266215641422e+45
2004-07-31,-1525806241499.1975,-981643425487.9918,-852606608806.8943,-1051910126308.6497,-799217731368.0901,-1461486371509.7266,1.7266215641422e+45
2004-08-31,-885438348888.2866,-507427125104.56696,30500807865.24938,-612521815347.38,-699041967083.8544,-867875495708.134,1.7266215641422e+45
2004-09-30,50405973698.2251,84191068666.40924,355539839992.628,44746202902.28348,-159024493023.80484,102500007224.5343,1.7266215641422e+45
2004-10-31,276208471091.31836,606946685661.3365,167431851196.8879,161672469327.00742,-27628892098.71109,209116513898.11325,1.7266215641422e+45
2004-11-30,338930140986.834,133482868083.20287,203831988915.1758,200549804863.71832,136504400160.57463,189957713274.3203,1.7266215641422e+45
2004-12-31,318815119921.3389,320824138594.76666,191210574641.37912,119909820155.90388,126520568751.67229,157691661948.19455,1.7266215641422e+45
2005-01-31,293092095721.491,686374274428.8495,193197393240.39,144170401231.7936,110121143114.9628,173265416046.61786,1.7266215641422e+45
2005-02-28,384458884192.84393,238148409600.74197,242050389562.3524,250069257434.70395,185415153344.87402,231324116282.7633,1.7266215641422e+45
2005-03-31,516916293184.04114,503718772675.0009,414853727827.4639,481827586947.27625,439023937734.97614,447392770174.2371,1.7266215641422e+45
2005-04-30,396243441287.6499,237886109303.64816,274366695944.55765,242364805596.65512,51448471599.27557,262491797010.73083,1.7266215641422e+45
2005-05-31,97057691590.10536,-36891610269.29807,51546356322.17097,-84170639292.08194,-163131651039.7287,26921945952.602245,1.7266215641422e+45
2005-06-30,-851485986133.0673,53067234178.672066,-261308408330.09738,-1116743375411.8787,-906253951255.9122,-434313178354.3663,1.7266215641422e+45
2005-07-31,-1603943198975.497,-1067389223560.8513,-982045152636.3784,-2031344547685.269,-1327560734921.7285,-2232449858567.428,1.7266215641422e+45
2005-08-31,-848024259322.9329,-296197917706.98596,-116576453949.33287,-957020009159.3298,-715328952881.4996,-1102340559092.2659,1.7266215641422e+45
2005-09-30,44831441407.22376,472292297306.7039,14303442584.541208,-55853053991.306725,-146831882842.72632,-50826353479.51445,1.7266215641422e+45
2005-10-31,228897007035.21234,743524217650.035,111818209122.54723,75925785073.41899,8365442651.226136,124929350490.18687,1.7266215641422e+45
2005-11-30,312573786472.98785,644591087145.5778,198778699153.05743,165673854177.10086,115034276450.17514,219281649954.93024,1.7266215641422e+45
2005-12-31,598152787579.6359,883213108278.5184,500255492972.30133,477472903357.27606,446731243572.1828,487123097450.74854,1.7266215641422e+45
2006-01-31,856344296999.6985,761031755943.3391,753723636881.2742,1046956967892.5532,1197087654708.801,858500366020.4963,1.7266215641422e+45
2006-02-28,560399023730.273,540063769121.9551,418911364786.0611,418952265691.4496,414983717946.467,425885674439.66486,1.7266215641422e+45
2006-03-31,332350943475.91534,308504360837.6948,212881619105.3394,132817100200.94167,113928525928.20796,193950415858.41626,1.7266215641422e+45
2006-04-30,260397972844.2238,67527434953.403465,134201220243.66324,54009440435.1046,-15246843513.523739,127703625312.32559,1.7266215641422e+45
2006-05-31,83175257793.47786,241076697864.13608,80337984579.58746,-28533170012.16128,-137463187077.39926,63243148379.97606,1.7266215641422e+45
2006-06-30,-633135523642.3203,-64484414883.66435,-132562210959.4413,-373551923204.6464,-333692684451.9676,-55864440073.09933,1.7266215641422e+45
2006-07-31,-1453281238820.1594,-717503516198.7435,-846402259987.9829,-1105621168489.7222,-1020615674122.8364,-1180533403986.6147,1.7266215641422e+45
2006-08-31,-1380034611277.075,-687945844822.1241,-267077031035.68564,-814299432329.8915,-1076000514158.3124,-1277521986278.7666,1.7266215641422e+45
2006-09-30,151306707052.21725,517678189328.83307,301616282348.17554,-2508731254.4042277,-23923736598.00178,103723062089.81677,1.7266215641422e+45
2006-10-31,349160588362.6864,158195566599.7899,250977677436.44186,90159316065.94742,-2905336891.8209634,178024069643.80313,1.7266215641422e+45
2006-11-30,376816093333.46826,281777198029.3202,229465704376.64487,178466972618.9283,98132439682.82904,233064258478.81186,1.7266215641422e+45
2006-12-31,701558969692.3129,495534801287.0024,580465142296.1276,572516775228.0524,591312831025.7029,650978491674.2856,1.7266215641422e+45
2007-01-31,248184736049.43198,467023094464.76733,123927309386.55832,86936671515.97557,5089344131.369039,112128264662.95575,1.7266215641422e+45
2007-02-28,201173144672.29208,132132662830.50204,56199780079.15622,18570161327.1184,-29551046056.089046,48714944334.13098,1.7266215641422e+45
2007-03-31,477212156342.33154,395590281560.8302,362717866569.3155,389161241880.91144,344738444004.17596,407093322099.6837,1.7266215641422e+45
2007-04-30,444884141590.5212,723450286590.9335,292586909543.0135,291908777860.7752,250967101433.4605,254049222130.346,1.7266215641422e+45
2007-05-31,259446097292.47153,126356891812.73828,188680682733.5172,113934696427.05011,68789603028.501,193236445279.24118,1.7266215641422e+45
2007-06-30,-1272261308143.3467,-206500546529.73248,-810761856689.9584,-1016302887403.4229,-883704125051.14,-735661075042.804,1.7266215641422e+45
2007-07-31,-1589336504069.2395,-1187497646798.4941,-1147422029088.1416,-2117159962221.7368,-1172790151002.3208,-2204735150063.384,1.7266215641422e+45
2007-08-31,-1095323495710.4806,-465615510746.0783,-345062121766.8429,-1112647940746.3384,-522595142655.6599,-1170267065711.0442,1.7266215641422e+45
2007-09-30,406705970043.0936,83965047579.87956,489267754554.05756,401248478522.761,372818698834.7557,481913704314.1883,1.7266215641422e+45
2007-10-31,480668572226.8513,120996905416.2571,363577133303.5446,225219848022.97275,272492717940.90515,358659484966.50964,1.7266215641422e+45
2007-11-30,469847697044.4174,78724632020.641,334498284652.1231,327079242387.6722,227608725150.01883,395090661562.74835,1.7266215641422e+45
2007-12-31,988508162269.263,232876396683.75003,867027364045.0287,882357965036.3684,1028325329644.3156,820665567693.1418,1.7266215641422e+45
2008-01-31,555408854449.9844,672696900640.0852,450593940264.169,370639406673.22955,290991312640.2938,482479248752.1326,1.7266215641422e+45
2008-02-29,802335887409.623,506865377068.0457,641853477160.687,619295502719.2019,736008453378.8668,622279786623.7235,1.7266215641422e+45
2008-03-31,267724368979.28802,526479128323.60114,139595557840.7519,81078012104.36208,17955906952.153645,122135085770.69455,1.7266215641422e+45
2008-04-30,170834201285.67456,70522196852.05785,29433802115.774677,21850509344.58067,-76823112674.4225,37960915235.72323,1.7266215641422e+45
2008-05-31,357280120093.4457,-33100935479.928253,333511989514.08704,269730029972.1773,-7893134414.366757,265061364536.93195,1.7266215641422e+45
2008-06-30,-990451661360.8967,-144154348309.4347,-348909477839.41296,-517723568065.5971,-725409375485.501,-346513904500.0394,1.7266215641422e+45
2008-07-31,-1536829703299.0554,-1009593872335.6707,-852444212325.5363,-1335128892508.6594,-1128758060662.6062,-1625162013265.0315,1.7266215641422e+45
2008-08-31,-871545458708.2687,-648387300048.6178,194420340097.47455,-613574834928.414,-313886942981.6189,-796865204519.2418,1.7266215641422e+45
2008-09-30,386356612135.4401,-18901847083.7324,772301274410.8531,293437998104.888,334689064560.9375,176008183294.6787,1.7266215641422e+45
2008-10-31,326342259262.172,340738763044.8256,215127992400.26654,18928893244.915688,-69837373180.55196,179051215569.85297,1.7266215641422e+45
2008-11-30,534525680046.3985,299628136299.2407,407556347712.89703,386128241034.5788,252024534772.7393,434428279401.95386,1.7266215641422e+45
2008-12-31,753489034367.5803,351743791092.9978,643155755562.0094,720273692349.3297,957610175027.1471,631708564126.7456,1.7266215641422e+45
2009-01-31,347852496251.663,576589732067.3412,226279730307.22324,143568539803.39877,-27405101340.96294,187901395899.10333,1.7266215641422e+45
2009-02-28,439058573486.4447,481496503446.06055,275439373947.1702,282991380294.3699,271130877729.18784,272128354986.33545,1.7266215641422e+45
2009-03-31,369939968069.19714,717657526818.332,241316059798.50848,190757733659.0507,130402668153.93925,277052054301.6627,1.7266215641422e+45
2009-04-30,631552161934.2924,220269704610.18033,481681716332.5891,469790985562.2812,321145504274.4899,522594286724.57886,1.7266215641422e+45
2009-05-31,321308435458.71967,69980373777.43623,436972795103.1981,275600298360.6253,410349748188.60175,311636579933.2798,1.7266215641422e+45
2009-06-30,-784526580174.4178,83112430478.63857,-219533634921.4811,-540216407197.22754,-440463611741.7089,-305282599233.48956,1.7266215641422e+45
2009-07-31,-1411665569475.0483,-720031442720.4032,-592955678534.4646,-1473413260224.9568,-1017977342392.4985,-1425426805576.7454,1.7266215641422e+45
2009-08-31,-975142423596.6802,-474798743682.8661,-101010623219.70851,-702797582700.9408,-779682851073.3948,-966629202858.6991,1.7266215641422e+45
2009-09-30,265776938817.6324,59098692803.12492,305086079036.91254,177487910101.80542,135466468913.19598,141489194761.92172,1.7266215641422e+45
2009-10-31,529248444069.1499,262282156373.87344,391383655770.94525,323839104846.5816,395822398675.00464,379678440299.2417,1.7266215641422e+45
2009-11-30,271691452237.45172,113148182699.4284,141191229685.21716,46684900518.31176,20963490378.9227,151105164294.2804,1.7266215641422e+45
2009-12-31,362166751977.82275,543238988295.9693,244478156192.69348,143068395258.1418,42319807923.90549,222531894665.58127,1.7266215641422e+45
2010-01-31,730788230914.2114,493608385115.5257,615223318175.676,666362910101.4358,582975035348.331,648043310969.5889,1.7266215641422e+45
2010-02-28,162073023223.118,9600169181.930578,34013527248.837437,61930789656.54837,-44629049692.016235,45853671268.13498,1.7266215641422e+45
2010-03-31,292291269092.16266,100544414952.77997,175641035695.7661,273850277738.3879,166655223667.6055,221866173462.09164,1.7266215641422e+45
2010-04-30,217374269162.74817,227607648386.6213,90576807540.34619,63180524377.291176,2864801354.1365004,73929739784.6724,1.7266215641422e+45
2010-05-31,-31772061429.49627,112714857280.98164,41130665271.893394,-76524042820.88033,-323218190763.0184,42189306283.89439,1.7266215641422e+45
2010-06-30,-910326607302.1919,-470253339024.61786,-339142164377.0826,-1126454053715.2385,-864603628690.4625,-830230020479.9026,1.7266215641422e+45
2010-07-31,-1635101932336.7527,-1435705639570.5461,-1089566626740.866,-1968828713690.6665,-1318389069131.1018,-2352719334452.271,1.7266215641422e+45
2010-08-31,-1279782785572.623,-586567571387.9352,-312777703972.6666,-1276340449882.0828,-992602156683.2836,-1088149695548.031,1.7266215641422e+45
2010-09-30,120809794683.55345,451738901433.0624,781842293333.9631,29960815628.853233,-124447812998.93109,247657426031.3377,1.7266215641422e+45
2010-10-31,255801158966.2588,411836586123.7821,174710977089.1501,128641177324.08191,-72272907407.23209,210327037852.79843,1.7266215641422e+45
2010-11-30,149164674053.76358,190211401325.18375,30522074981.999958,15394298201.417665,-76928061371.56322,19798432547.61906,1.7266215641422e+45
2010-12-31,278516760038.7881,254339521787.6671,160932991815.58075,99952862482.9816,-40475767047.85185,151819141773.98645,1.7266215641422e+45
2011-01-31,498717921274.82886,953896069922.4022,399747271279.1386,373073246457.89026,480156753553.3687,378190135095.59033,1.7266215641422e+45
2011-02-28,564626013805.9597,754140072636.5496,429797282915.4779,265081839029.91678,221912949732.88635,420032496602.22003,1.7266215641422e+45
2011-03-31,459201593178.60474,484493586386.52454,350515083286.7283,458438452360.77966,410933790171.12177,329758246197.9055,1.7266215641422e+45
2011-04-30,815519529702.6093,40419796449.52569,665639801793.3633,726489131093.2264,738004193583.065,756038542252.4137,1.7266215641422e+45
2011-05-31,189297104377.69476,219247146350.36517,133320388613.34506,85232891189.26709,-99953315833.54607,102429146672.03918,1.7266215641422e+45
2011-06-30,-583711171104.4537,-268151634965.84995,-177289654927.387,-481944368595.98785,-650217849884.8954,-138820408211.367,1.7266215641422e+45
2011-07-31,-1462766081585.2922,-794272395942.2999,-786185884060.7538,-1540154859651.0522,-998173392675.3326,-1691005946229.37,1.7266215641422e+45
2011-08-31,-1158098703919.745,-791727294314.0063,-248411983725.97528,-1014635407857.406,-785468421041.1676,-1195236801768.832,1.7266215641422e+45
2011-09-30,-33679211614.582848,82019553038.52966,416769926213.952,92151855373.32065,-79882787794.4712,148394358087.83633,1.7266215641422e+45
2011-10-31,407017691530.7193,751233705158.2198,333461988808.3676,207670862650.85294,113699497525.21048,383685881564.2092,1.7266215641422e+45
2011-11-30,848269827449.3104,95950924221.72191,695248578495.2781,829324523658.8262,655962220346.1693,714264505107.1368,1.7266215641422e+45
2011-12-31,279770327500.3947,359979723059.77344,146204042347.22385,162339605363.22488,100932016971.5894,186358799657.00937,1.7266215641422e+45
2012-01-31,539723376191.72205,310405963490.4938,446992073069.81305,390461445303.4345,405593529470.1915,431783116111.68884,1.7266215641422e+45
2012-02-29,469954885215.2606,150333796712.8817,346173389993.1871,341792544873.0292,469426899327.1095,383730866939.3439,1.7266215641422e+45
2012-03-31,621889299453.3363,394276319088.3491,530384032366.4129,468988447869.17993,517550120244.6018,499299120485.94476,1.7266215641422e+45
2012-04-30,185323754454.12576,233474504022.527,71256879113.64703,78238379327.7362,-4170703469.725389,93643040989.6041,1.7266215641422e+45
2012-05-31,109557932943.11877,-16535769725.941475,106358306966.40175,54238958709.904274,-168956437442.31378,100778947390.84245,1.7266215641422e+45
2012-06-30,-1162902024809.3625,-173742053562.95535,-435665981707.94415,-1110457513166.767,-934361749661.8165,-816690385207.9531,1.7266215641422e+45
2012-07-31,-1720679555272.5315,-808269575101.6803,-1205599271171.3237,-1836716451259.741,-1423041886626.3848,-2417444369841.717,1.7266215641422e+45
2012-08-31,-1304679317383.6199,-748986859917.0217,-445065669089.29987,-1351044635059.1047,-1214153625688.8552,-1452096092218.0513,1.7266215641422e+45
2012-09-30,14093581008.103977,291431655805.81757,118816791519.61053,-7380863163.00787,-111796200089.76793,11797796042.910421,1.7266215641422e+45
2012-10-31,359251657328.474,293563923116.9882,280141259394.4162,96018089699.89462,39776795927.99546,265532358785.8983,1.7266215641422e+45
2012-11-30,176171350621.6027,413511526219.7469,65040405113.21753,-25774653913.82941,-103586557808.18774,90226376246.71378,1.7266215641422e+45
2012-12-31,268714245080.6346,386395064023.8476,164151097496.4475,51678916483.35851,1451863692.970975,116407733059.50394,1.7266215641422e+45
